{
   "@collapsed" : false,
   "@configType" : "NOISE2D",
   "@name" : "Heightmap - Rolling Hills",
   "@position" : [ 7931, 8173 ],
   "@scroll" : [ 8628.2294921875, 8284.1259765625, -0.25 ],
   "@toggle-test" : true,
   "@toggle-world" : false,
   "@unlinked" : [],
   "@version" : 11,
   "noise2d" : {
      "fun" : {
         "@collapsed" : false,
         "@name" : "Sum 2D",
         "@position" : [ 8240, 8189 ],
         "frequency" : [ 1, 1 ],
         "terms" : [
            {
               "fun" : {
                  "@collapsed" : false,
                  "@name" : "Remap 2D",
                  "@position" : [ 8555, 8162 ],
                  "clamp" : false,
                  "clampPower" : 5,
                  "frequency" : [ 1, 1 ],
                  "fun" : {
                     "@collapsed" : false,
                     "@name" : "fractal noise (2D)",
                     "@position" : [ 8858, 8048 ],
                     "frequency" : [ 0.20200000703334808, 0.20200000703334808 ],
                     "fun" : {
                        "@collapsed" : false,
                        "@name" : "simplex noise (2D)",
                        "@position" : [ 9140, 8194 ],
                        "frequency" : [ 0.11700000613927841, 0.11700000613927841 ],
                        "offset" : [ 267.5537109375, -357.51953125 ],
                        "offset-hash" : "ME5g8dybD6sLk3hH",
                        "type" : "simplex"
                     },
                     "octaves" : [
                        {
                           "multiplier" : 0.5,
                           "offset" : [ 124, 321 ],
                           "offset-hash" : "SzR5NZDCAAcYe2ef",
                           "scale" : -4.7899999618530273
                        },
                        {
                           "multiplier" : 0.30000001192092896,
                           "offset" : [ 464, 436 ],
                           "offset-hash" : "pNgTnJc3BlmFYdTl",
                           "scale" : 4
                        },
                        {
                           "multiplier" : 0.10000000149011612,
                           "offset" : [ -651, -954 ],
                           "offset-hash" : "XFchmwid66HQFO0u",
                           "scale" : 10
                        }
                     ],
                     "type" : "fractal"
                  },
                  "max" : 0.29300001263618469,
                  "min" : -0.29100000858306885,
                  "type" : "remap"
               },
               "multiplier" : 1,
               "power" : 1
            },
            {
               "fun" : {
                  "@collapsed" : false,
                  "@name" : "Remap 2D",
                  "@position" : [ 8555, 8445 ],
                  "clamp" : false,
                  "clampPower" : 5,
                  "frequency" : [ 1, 1 ],
                  "fun" : {
                     "@collapsed" : false,
                     "@name" : "Simplex 2D",
                     "@position" : [ 8837, 8477 ],
                     "frequency" : [ 0.026000000536441803, 0.026000000536441803 ],
                     "offset" : [ -153.12123107910156, -278.00094604492188 ],
                     "offset-hash" : "RtjOOcKNqTSXUikm",
                     "type" : "simplex"
                  },
                  "max" : 0.68700003623962402,
                  "min" : -0.65900003910064697,
                  "type" : "remap"
               },
               "multiplier" : 1,
               "power" : 1
            }
         ],
         "type" : "sum"
      },
      "links" : [
         {
            "blockConstraint" : 0,
            "blockDefault" : "",
            "checkDefault" : false,
            "linkPath" : [
               {
                  "index" : -1,
                  "name" : "noise2d"
               },
               {
                  "index" : -1,
                  "name" : "fun"
               },
               {
                  "index" : -1,
                  "name" : "terms"
               },
               {
                  "index" : 0,
                  "name" : ""
               },
               {
                  "index" : -1,
                  "name" : "multiplier"
               }
            ],
            "linkType" : "LT:CUSTOM_SLIDER",
            "name" : "Bumpiness",
            "shortPath" : "Sum 2D.multiplier",
            "sliderCheck" : false,
            "sliderDefault" : 1,
            "sliderMax" : 2,
            "sliderMin" : 0,
            "sliderStep" : 0.0010000000474974513
         },
         {
            "blockConstraint" : 0,
            "blockDefault" : "",
            "checkDefault" : false,
            "linkPath" : [
               {
                  "index" : -1,
                  "name" : "noise2d"
               },
               {
                  "index" : -1,
                  "name" : "fun"
               },
               {
                  "index" : -1,
                  "name" : "terms"
               },
               {
                  "index" : 1,
                  "name" : ""
               },
               {
                  "index" : -1,
                  "name" : "multiplier"
               }
            ],
            "linkType" : "LT:CUSTOM_SLIDER",
            "name" : "Hill Height",
            "shortPath" : "Sum 2D.multiplier",
            "sliderCheck" : false,
            "sliderDefault" : 1,
            "sliderMax" : 2,
            "sliderMin" : 0,
            "sliderStep" : 0.0010000000474974513
         }
      ]
   },
   "seed" : "I has a seed!",
   "sharedConfig" : {
      "worldSize" : 192
   },
   "test" : {
      "@collapsed" : false,
      "@name" : "Reference 2D",
      "@position" : [ 8250, 8490 ],
      "embedded" : {
         "@collapsed" : false,
         "@configType" : "NOISE2D",
         "@name" : "Heightmap - Rolling Hills",
         "@position" : [ 7931, 8173 ],
         "@toggle-test" : true,
         "@toggle-world" : false,
         "@version" : 11,
         "noise2d" : {
            "fun" : {
               "@collapsed" : false,
               "@name" : "Sum 2D",
               "@position" : [ 8240, 8189 ],
               "frequency" : [ 1, 1 ],
               "terms" : [
                  {
                     "fun" : {
                        "@collapsed" : false,
                        "@name" : "Remap 2D",
                        "@position" : [ 8555, 8162 ],
                        "clamp" : false,
                        "clampPower" : 5,
                        "frequency" : [ 1, 1 ],
                        "fun" : {
                           "@collapsed" : false,
                           "@name" : "fractal noise (2D)",
                           "@position" : [ 8858, 8048 ],
                           "frequency" : [ 0.20200000703334808, 0.20200000703334808 ],
                           "fun" : {
                              "@collapsed" : false,
                              "@name" : "simplex noise (2D)",
                              "@position" : [ 9140, 8194 ],
                              "frequency" : [ 0.11700000613927841, 0.11700000613927841 ],
                              "offset" : [ 267.5537109375, -357.51953125 ],
                              "offset-hash" : "ME5g8dybD6sLk3hH",
                              "type" : "simplex"
                           },
                           "octaves" : [
                              {
                                 "multiplier" : 0.5,
                                 "offset" : [ 124, 321 ],
                                 "offset-hash" : "SzR5NZDCAAcYe2ef",
                                 "scale" : -4.7899999618530273
                              },
                              {
                                 "multiplier" : 0.30000001192092896,
                                 "offset" : [ 464, 436 ],